transkribus_page,page_id,folio,image_filename,xml_file,doc_id,image_width,image_height,status,number_of_lines
1,108451406,194r,0001_Vat.gr.2228.pt.1_0393_fa_0194r.tif,0001_Vat.gr.2228.pt.1_0393_fa_0194r.xml,12866292,2174,2996,FINAL,42
2,108451425,194v,0002_Vat.gr.2228.pt.1_0394_fa_0194v.tif,0002_Vat.gr.2228.pt.1_0394_fa_0194v.xml,12866292,2174,2996,FINAL,43
3,108451386,195r,0003_Vat.gr.2228.pt.1_0395_fa_0195r.tif,0003_Vat.gr.2228.pt.1_0395_fa_0195r.xml,12866292,2174,2996,FINAL,43
4,108451426,195v,0004_Vat.gr.2228.pt.1_0396_fa_0195v.tif,0004_Vat.gr.2228.pt.1_0396_fa_0195v.xml,12866292,2174,2996,FINAL,45
5,108451407,196r,0005_Vat.gr.2228.pt.1_0397_fa_0196r.tif,0005_Vat.gr.2228.pt.1_0397_fa_0196r.xml,12866292,2174,2996,FINAL,42
6,108451408,196v,0006_Vat.gr.2228.pt.1_0398_fa_0196v.tif,0006_Vat.gr.2228.pt.1_0398_fa_0196v.xml,12866292,2174,2996,FINAL,45
7,108451427,197r,0007_Vat.gr.2228.pt.1_0399_fa_0197r.tif,0007_Vat.gr.2228.pt.1_0399_fa_0197r.xml,12866292,2174,2996,FINAL,45
8,108451409,197v,0008_Vat.gr.2228.pt.1_0400_fa_0197v.tif,0008_Vat.gr.2228.pt.1_0400_fa_0197v.xml,12866292,2174,2996,FINAL,44
9,108451410,198r,0009_Vat.gr.2228.pt.1_0401_fa_0198r.tif,0009_Vat.gr.2228.pt.1_0401_fa_0198r.xml,12866292,2174,2996,FINAL,43
10,108451428,198v,0010_Vat.gr.2228.pt.1_0402_fa_0198v.tif,0010_Vat.gr.2228.pt.1_0402_fa_0198v.xml,12866292,2174,2996,FINAL,43
11,108451411,199r,0011_Vat.gr.2228.pt.1_0403_fa_0199r.tif,0011_Vat.gr.2228.pt.1_0403_fa_0199r.xml,12866292,2174,2996,FINAL,44
12,108451387,199v,0012_Vat.gr.2228.pt.1_0404_fa_0199v.tif,0012_Vat.gr.2228.pt.1_0404_fa_0199v.xml,12866292,2174,2996,FINAL,44
13,108451412,200r,0013_Vat.gr.2228.pt.1_0405_fa_0200r.tif,0013_Vat.gr.2228.pt.1_0405_fa_0200r.xml,12866292,2174,2996,FINAL,43
14,108451388,200v,0014_Vat.gr.2228.pt.1_0406_fa_0200v.tif,0014_Vat.gr.2228.pt.1_0406_fa_0200v.xml,12866292,2174,2996,FINAL,41
15,108451413,201r,0015_Vat.gr.2228.pt.1_0407_fa_0201r.tif,0015_Vat.gr.2228.pt.1_0407_fa_0201r.xml,12866292,2174,2996,FINAL,43
16,108451414,201v,0016_Vat.gr.2228.pt.1_0408_fa_0201v.tif,0016_Vat.gr.2228.pt.1_0408_fa_0201v.xml,12866292,2174,2996,FINAL,44
17,108451389,202r,0017_Vat.gr.2228.pt.1_0409_fa_0202r.tif,0017_Vat.gr.2228.pt.1_0409_fa_0202r.xml,12866292,2174,2996,FINAL,42
18,108451415,202v,0018_Vat.gr.2228.pt.1_0410_fa_0202v.tif,0018_Vat.gr.2228.pt.1_0410_fa_0202v.xml,12866292,2174,2996,FINAL,43
19,108451390,203r,0019_Vat.gr.2228.pt.1_0411_fa_0203r.tif,0019_Vat.gr.2228.pt.1_0411_fa_0203r.xml,12866292,2174,2996,FINAL,42
20,108451416,203v,0020_Vat.gr.2228.pt.1_0412_fa_0203v.tif,0020_Vat.gr.2228.pt.1_0412_fa_0203v.xml,12866292,2174,2996,FINAL,44
21,108451417,204r,0021_Vat.gr.2228.pt.1_0413_fa_0204r.tif,0021_Vat.gr.2228.pt.1_0413_fa_0204r.xml,12866292,2174,2996,FINAL,43
22,108451391,204v,0022_Vat.gr.2228.pt.1_0414_fa_0204v.tif,0022_Vat.gr.2228.pt.1_0414_fa_0204v.xml,12866292,2174,2996,FINAL,42
23,108451418,205r,0023_Vat.gr.2228.pt.1_0415_fa_0205r.tif,0023_Vat.gr.2228.pt.1_0415_fa_0205r.xml,12866292,2174,2996,FINAL,43
24,108451392,205v,0024_Vat.gr.2228.pt.1_0416_fa_0205v.tif,0024_Vat.gr.2228.pt.1_0416_fa_0205v.xml,12866292,2174,2996,FINAL,41
25,108451419,206r,0025_Vat.gr.2228.pt.1_0417_fa_0206r.tif,0025_Vat.gr.2228.pt.1_0417_fa_0206r.xml,12866292,2174,2996,FINAL,40
26,108451420,206v,0026_Vat.gr.2228.pt.1_0418_fa_0206v.tif,0026_Vat.gr.2228.pt.1_0418_fa_0206v.xml,12866292,2174,2996,FINAL,40
27,108451393,207r,0027_Vat.gr.2228.pt.1_0419_fa_0207r.tif,0027_Vat.gr.2228.pt.1_0419_fa_0207r.xml,12866292,2174,2996,FINAL,43
28,108451421,207v,0028_Vat.gr.2228.pt.1_0420_fa_0207v.tif,0028_Vat.gr.2228.pt.1_0420_fa_0207v.xml,12866292,2174,2996,FINAL,42
29,108451429,208r,0029_Vat.gr.2228.pt.1_0421_fa_0208r.tif,0029_Vat.gr.2228.pt.1_0421_fa_0208r.xml,12866292,2174,2996,FINAL,41
30,108451422,208v,0030_Vat.gr.2228.pt.1_0422_fa_0208v.tif,0030_Vat.gr.2228.pt.1_0422_fa_0208v.xml,12866292,2174,2996,FINAL,42
31,108451430,209r,0031_Vat.gr.2228.pt.1_0423_fa_0209r.tif,0031_Vat.gr.2228.pt.1_0423_fa_0209r.xml,12866292,2174,2996,FINAL,43
32,108451423,209v,0032_Vat.gr.2228.pt.1_0424_fa_0209v.tif,0032_Vat.gr.2228.pt.1_0424_fa_0209v.xml,12866292,2174,2996,FINAL,43
33,108451424,210r,0033_Vat.gr.2228.pt.1_0425_fa_0210r.tif,0033_Vat.gr.2228.pt.1_0425_fa_0210r.xml,12866292,2174,2996,FINAL,42
34,108451431,210v,0034_Vat.gr.2228.pt.1_0426_fa_0210v.tif,0034_Vat.gr.2228.pt.1_0426_fa_0210v.xml,12866292,2174,2996,FINAL,42
35,108451485,211r,0035_Vat.gr.2228.pt.1_0427_fa_0211r.tif,0035_Vat.gr.2228.pt.1_0427_fa_0211r.xml,12866292,2174,2996,FINAL,42
36,108451486,211v,0036_Vat.gr.2228.pt.1_0428_fa_0211v.tif,0036_Vat.gr.2228.pt.1_0428_fa_0211v.xml,12866292,2174,2996,FINAL,42
37,108451432,212r,0037_Vat.gr.2228.pt.1_0429_fa_0212r.tif,0037_Vat.gr.2228.pt.1_0429_fa_0212r.xml,12866292,2174,2996,FINAL,41
38,108451433,212v,0038_Vat.gr.2228.pt.1_0430_fa_0212v.tif,0038_Vat.gr.2228.pt.1_0430_fa_0212v.xml,12866292,2174,2996,FINAL,42
39,108451487,213r,0039_Vat.gr.2228.pt.1_0431_fa_0213r.tif,0039_Vat.gr.2228.pt.1_0431_fa_0213r.xml,12866292,2174,2996,FINAL,42
40,108451366,213v,0040_Vat.gr.2228.pt.1_0432_fa_0213v.tif,0040_Vat.gr.2228.pt.1_0432_fa_0213v.xml,12866292,2174,2996,FINAL,41
41,108451367,214r,0041_Vat.gr.2228.pt.1_0433_fa_0214r.tif,0041_Vat.gr.2228.pt.1_0433_fa_0214r.xml,12866292,2174,2996,FINAL,41
42,108451488,214v,0042_Vat.gr.2228.pt.1_0434_fa_0214v.tif,0042_Vat.gr.2228.pt.1_0434_fa_0214v.xml,12866292,2174,2996,FINAL,41
43,108451368,215r,0043_Vat.gr.2228.pt.1_0435_fa_0215r.tif,0043_Vat.gr.2228.pt.1_0435_fa_0215r.xml,12866292,2174,2996,FINAL,41
44,108451369,215v,0044_Vat.gr.2228.pt.1_0436_fa_0215v.tif,0044_Vat.gr.2228.pt.1_0436_fa_0215v.xml,12866292,2174,2996,FINAL,41
45,108451489,216r,0045_Vat.gr.2228.pt.1_0437_fa_0216r.tif,0045_Vat.gr.2228.pt.1_0437_fa_0216r.xml,12866292,2174,2996,FINAL,43
46,108451490,216v,0046_Vat.gr.2228.pt.1_0438_fa_0216v.tif,0046_Vat.gr.2228.pt.1_0438_fa_0216v.xml,12866292,2174,2996,FINAL,41
47,108451370,217r,0047_Vat.gr.2228.pt.1_0439_fa_0217r.tif,0047_Vat.gr.2228.pt.1_0439_fa_0217r.xml,12866292,2174,2996,FINAL,41
48,108451491,217v,0048_Vat.gr.2228.pt.1_0440_fa_0217v.tif,0048_Vat.gr.2228.pt.1_0440_fa_0217v.xml,12866292,2174,2996,FINAL,40
49,108451492,218r,0049_Vat.gr.2228.pt.1_0441_fa_0218r.tif,0049_Vat.gr.2228.pt.1_0441_fa_0218r.xml,12866292,2174,2996,FINAL,40
50,108451371,218v,0050_Vat.gr.2228.pt.1_0442_fa_0218v.tif,0050_Vat.gr.2228.pt.1_0442_fa_0218v.xml,12866292,2174,2996,FINAL,40
51,108451372,219r,0051_Vat.gr.2228.pt.1_0443_fa_0219r.tif,0051_Vat.gr.2228.pt.1_0443_fa_0219r.xml,12866292,2174,2996,FINAL,41
52,108451493,219v,0052_Vat.gr.2228.pt.1_0444_fa_0219v.tif,0052_Vat.gr.2228.pt.1_0444_fa_0219v.xml,12866292,2174,2996,FINAL,41
53,108451373,220r,0053_Vat.gr.2228.pt.1_0445_fa_0220r.tif,0053_Vat.gr.2228.pt.1_0445_fa_0220r.xml,12866292,2174,2996,FINAL,41
54,108451494,220v,0054_Vat.gr.2228.pt.1_0446_fa_0220v.tif,0054_Vat.gr.2228.pt.1_0446_fa_0220v.xml,12866292,2174,2996,FINAL,42
55,108451374,221r,0055_Vat.gr.2228.pt.1_0447_fa_0221r.tif,0055_Vat.gr.2228.pt.1_0447_fa_0221r.xml,12866292,2174,2996,FINAL,43
56,108451375,221v,0056_Vat.gr.2228.pt.1_0448_fa_0221v.tif,0056_Vat.gr.2228.pt.1_0448_fa_0221v.xml,12866292,2174,2996,FINAL,44
57,108451434,222r,0057_Vat.gr.2228.pt.1_0449_fa_0222r.tif,0057_Vat.gr.2228.pt.1_0449_fa_0222r.xml,12866292,2174,2996,FINAL,41
58,108451435,222v,0058_Vat.gr.2228.pt.1_0450_fa_0222v.tif,0058_Vat.gr.2228.pt.1_0450_fa_0222v.xml,12866292,2174,2996,FINAL,42
59,108451495,223r,0059_Vat.gr.2228.pt.1_0451_fa_0223r.tif,0059_Vat.gr.2228.pt.1_0451_fa_0223r.xml,12866292,2174,2996,FINAL,42
60,108451496,223v,0060_Vat.gr.2228.pt.1_0452_fa_0223v.tif,0060_Vat.gr.2228.pt.1_0452_fa_0223v.xml,12866292,2174,2996,FINAL,40
61,108451436,224r,0061_Vat.gr.2228.pt.1_0453_fa_0224r.tif,0061_Vat.gr.2228.pt.1_0453_fa_0224r.xml,12866292,2174,2996,FINAL,42
62,108451497,224v,0062_Vat.gr.2228.pt.1_0454_fa_0224v.tif,0062_Vat.gr.2228.pt.1_0454_fa_0224v.xml,12866292,2174,2996,FINAL,42
63,108451498,225r,0063_Vat.gr.2228.pt.1_0455_fa_0225r.tif,0063_Vat.gr.2228.pt.1_0455_fa_0225r.xml,12866292,2174,2996,FINAL,42
64,108451437,225v,0064_Vat.gr.2228.pt.1_0456_fa_0225v.tif,0064_Vat.gr.2228.pt.1_0456_fa_0225v.xml,12866292,2174,2996,FINAL,41
65,108451438,226r,0065_Vat.gr.2228.pt.1_0457_fa_0226r.tif,0065_Vat.gr.2228.pt.1_0457_fa_0226r.xml,12866292,2174,2996,FINAL,41
66,108451499,226v,0066_Vat.gr.2228.pt.1_0458_fa_0226v.tif,0066_Vat.gr.2228.pt.1_0458_fa_0226v.xml,12866292,2174,2996,FINAL,42
67,108451439,227r,0067_Vat.gr.2228.pt.1_0459_fa_0227r.tif,0067_Vat.gr.2228.pt.1_0459_fa_0227r.xml,12866292,2174,2996,FINAL,42
68,108451440,227v,0068_Vat.gr.2228.pt.1_0460_fa_0227v.tif,0068_Vat.gr.2228.pt.1_0460_fa_0227v.xml,12866292,2174,2996,FINAL,42
69,108451500,228r,0069_Vat.gr.2228.pt.1_0461_fa_0228r.tif,0069_Vat.gr.2228.pt.1_0461_fa_0228r.xml,12866292,2174,2996,FINAL,41
70,108451501,228v,0070_Vat.gr.2228.pt.1_0462_fa_0228v.tif,0070_Vat.gr.2228.pt.1_0462_fa_0228v.xml,12866292,2174,2996,FINAL,41
71,108451441,229r,0071_Vat.gr.2228.pt.1_0463_fa_0229r.tif,0071_Vat.gr.2228.pt.1_0463_fa_0229r.xml,12866292,2174,2996,FINAL,41
72,108451442,229v,0072_Vat.gr.2228.pt.1_0464_fa_0229v.tif,0072_Vat.gr.2228.pt.1_0464_fa_0229v.xml,12866292,2174,2996,FINAL,43
73,108451376,230r,0073_Vat.gr.2228.pt.1_0465_fa_0230r.tif,0073_Vat.gr.2228.pt.1_0465_fa_0230r.xml,12866292,2174,2996,FINAL,43
74,108451502,230v,0074_Vat.gr.2228.pt.1_0466_fa_0230v.tif,0074_Vat.gr.2228.pt.1_0466_fa_0230v.xml,12866292,2174,2996,FINAL,44
75,108451503,231r,0075_Vat.gr.2228.pt.1_0467_fa_0231r.tif,0075_Vat.gr.2228.pt.1_0467_fa_0231r.xml,12866292,2174,2996,FINAL,42
76,108451377,231v,0076_Vat.gr.2228.pt.1_0468_fa_0231v.tif,0076_Vat.gr.2228.pt.1_0468_fa_0231v.xml,12866292,2174,2996,FINAL,42
77,108451378,232r,0077_Vat.gr.2228.pt.1_0469_fa_0232r.tif,0077_Vat.gr.2228.pt.1_0469_fa_0232r.xml,12866292,2174,2996,FINAL,42
78,108451443,232v,0078_Vat.gr.2228.pt.1_0470_fa_0232v.tif,0078_Vat.gr.2228.pt.1_0470_fa_0232v.xml,12866292,2174,2996,FINAL,41
79,108451504,233r,0079_Vat.gr.2228.pt.1_0471_fa_0233r.tif,0079_Vat.gr.2228.pt.1_0471_fa_0233r.xml,12866292,2174,2996,FINAL,45
80,108451444,233v,0080_Vat.gr.2228.pt.1_0472_fa_0233v.tif,0080_Vat.gr.2228.pt.1_0472_fa_0233v.xml,12866292,2174,2996,FINAL,44
81,108451525,234r,0081_Vat.gr.2228.pt.1_0473_fa_0234r.tif,0081_Vat.gr.2228.pt.1_0473_fa_0234r.xml,12866292,2174,2996,FINAL,42
82,108451545,234v,0082_Vat.gr.2228.pt.1_0474_fa_0234v.tif,0082_Vat.gr.2228.pt.1_0474_fa_0234v.xml,12866292,2174,2996,FINAL,40
83,108451526,235r,0083_Vat.gr.2228.pt.1_0475_fa_0235r.tif,0083_Vat.gr.2228.pt.1_0475_fa_0235r.xml,12866292,2174,2996,FINAL,41
84,108451546,235v,0084_Vat.gr.2228.pt.1_0476_fa_0235v.tif,0084_Vat.gr.2228.pt.1_0476_fa_0235v.xml,12866292,2174,2996,FINAL,41
85,108451527,236r,0085_Vat.gr.2228.pt.1_0477_fa_0236r.tif,0085_Vat.gr.2228.pt.1_0477_fa_0236r.xml,12866292,2174,2996,FINAL,42
86,108451547,236v,0086_Vat.gr.2228.pt.1_0478_fa_0236v.tif,0086_Vat.gr.2228.pt.1_0478_fa_0236v.xml,12866292,2174,2996,FINAL,41
87,108451548,237r,0087_Vat.gr.2228.pt.1_0479_fa_0237r.tif,0087_Vat.gr.2228.pt.1_0479_fa_0237r.xml,12866292,2174,2996,FINAL,43
88,108451528,237v,0088_Vat.gr.2228.pt.1_0480_fa_0237v.tif,0088_Vat.gr.2228.pt.1_0480_fa_0237v.xml,12866292,2174,2996,FINAL,43
89,108451529,238r,0089_Vat.gr.2228.pt.1_0481_fa_0238r.tif,0089_Vat.gr.2228.pt.1_0481_fa_0238r.xml,12866292,2174,2996,FINAL,41
90,108451549,238v,0090_Vat.gr.2228.pt.1_0482_fa_0238v.tif,0090_Vat.gr.2228.pt.1_0482_fa_0238v.xml,12866292,2174,2996,FINAL,39
91,108451379,239r,0091_Vat.gr.2228.pt.1_0483_fa_0239r.tif,0091_Vat.gr.2228.pt.1_0483_fa_0239r.xml,12866292,2174,2996,FINAL,42
92,108451550,239v,0092_Vat.gr.2228.pt.1_0484_fa_0239v.tif,0092_Vat.gr.2228.pt.1_0484_fa_0239v.xml,12866292,2174,2996,FINAL,41
93,108451380,240r,0093_Vat.gr.2228.pt.1_0485_fa_0240r.tif,0093_Vat.gr.2228.pt.1_0485_fa_0240r.xml,12866292,2174,2996,FINAL,40
94,108451381,240v,0094_Vat.gr.2228.pt.1_0486_fa_0240v.tif,0094_Vat.gr.2228.pt.1_0486_fa_0240v.xml,12866292,2174,2996,FINAL,42
95,108451551,241r,0095_Vat.gr.2228.pt.1_0487_fa_0241r.tif,0095_Vat.gr.2228.pt.1_0487_fa_0241r.xml,12866292,2174,2996,FINAL,41
96,108451382,241v,0096_Vat.gr.2228.pt.1_0488_fa_0241v.tif,0096_Vat.gr.2228.pt.1_0488_fa_0241v.xml,12866292,2174,2996,FINAL,41
97,108451383,242r,0097_Vat.gr.2228.pt.1_0489_fa_0242r.tif,0097_Vat.gr.2228.pt.1_0489_fa_0242r.xml,12866292,2174,2996,FINAL,41
98,108451552,242v,0098_Vat.gr.2228.pt.1_0490_fa_0242v.tif,0098_Vat.gr.2228.pt.1_0490_fa_0242v.xml,12866292,2174,2996,FINAL,41
99,108451384,243r,0099_Vat.gr.2228.pt.1_0491_fa_0243r.tif,0099_Vat.gr.2228.pt.1_0491_fa_0243r.xml,12866292,2174,2996,FINAL,41
100,108451553,243v,0100_Vat.gr.2228.pt.1_0492_fa_0243v.tif,0100_Vat.gr.2228.pt.1_0492_fa_0243v.xml,12866292,2174,2996,FINAL,43
101,108451554,244r,0101_Vat.gr.2228.pt.1_0493_fa_0244r.tif,0101_Vat.gr.2228.pt.1_0493_fa_0244r.xml,12866292,2174,2996,FINAL,42
102,108451565,244v,0102_Vat.gr.2228.pt.1_0494_fa_0244v.tif,0102_Vat.gr.2228.pt.1_0494_fa_0244v.xml,12866292,2174,2996,FINAL,40
103,108451555,245r,0103_Vat.gr.2228.pt.1_0495_fa_0245r.tif,0103_Vat.gr.2228.pt.1_0495_fa_0245r.xml,12866292,2174,2996,FINAL,41
104,108451566,245v,0104_Vat.gr.2228.pt.1_0496_fa_0245v.tif,0104_Vat.gr.2228.pt.1_0496_fa_0245v.xml,12866292,2174,2996,FINAL,40
105,108451556,246r,0105_Vat.gr.2228.pt.1_0497_fa_0246r.tif,0105_Vat.gr.2228.pt.1_0497_fa_0246r.xml,12866292,2174,2996,FINAL,39
106,108451567,246v,0106_Vat.gr.2228.pt.1_0498_fa_0246v.tif,0106_Vat.gr.2228.pt.1_0498_fa_0246v.xml,12866292,2174,2996,FINAL,41
107,108451557,247r,0107_Vat.gr.2228.pt.1_0499_fa_0247r.tif,0107_Vat.gr.2228.pt.1_0499_fa_0247r.xml,12866292,2174,2996,FINAL,41
108,108451568,247v,0108_Vat.gr.2228.pt.1_0500_fa_0247v.tif,0108_Vat.gr.2228.pt.1_0500_fa_0247v.xml,12866292,2174,2996,FINAL,42
109,108451569,248r,0109_Vat.gr.2228.pt.1_0501_fa_0248r.tif,0109_Vat.gr.2228.pt.1_0501_fa_0248r.xml,12866292,2174,2996,FINAL,42
110,108451558,248v,0110_Vat.gr.2228.pt.1_0502_fa_0248v.tif,0110_Vat.gr.2228.pt.1_0502_fa_0248v.xml,12866292,2174,2996,FINAL,42
111,108451570,249r,0111_Vat.gr.2228.pt.1_0503_fa_0249r.tif,0111_Vat.gr.2228.pt.1_0503_fa_0249r.xml,12866292,2174,2996,FINAL,40
112,108451571,249v,0112_Vat.gr.2228.pt.1_0504_fa_0249v.tif,0112_Vat.gr.2228.pt.1_0504_fa_0249v.xml,12866292,2174,2996,FINAL,39
113,108451572,250r,0113_Vat.gr.2228.pt.1_0505_fa_0250r.tif,0113_Vat.gr.2228.pt.1_0505_fa_0250r.xml,12866292,2174,2996,FINAL,39
114,108451559,250v,0114_Vat.gr.2228.pt.1_0506_fa_0250v.tif,0114_Vat.gr.2228.pt.1_0506_fa_0250v.xml,12866292,2174,2996,FINAL,41
115,108451560,251r,0115_Vat.gr.2228.pt.1_0507_fa_0251r.tif,0115_Vat.gr.2228.pt.1_0507_fa_0251r.xml,12866292,2174,2996,FINAL,41
116,108451573,251v,0116_Vat.gr.2228.pt.1_0508_fa_0251v.tif,0116_Vat.gr.2228.pt.1_0508_fa_0251v.xml,12866292,2174,2996,FINAL,39
117,108451561,252r,0117_Vat.gr.2228.pt.1_0509_fa_0252r.tif,0117_Vat.gr.2228.pt.1_0509_fa_0252r.xml,12866292,2174,2996,FINAL,41
118,108451574,252v,0118_Vat.gr.2228.pt.1_0510_fa_0252v.tif,0118_Vat.gr.2228.pt.1_0510_fa_0252v.xml,12866292,2174,2996,FINAL,40
119,108451562,253r,0119_Vat.gr.2228.pt.1_0511_fa_0253r.tif,0119_Vat.gr.2228.pt.1_0511_fa_0253r.xml,12866292,2174,2996,FINAL,40
120,108451575,253v,0120_Vat.gr.2228.pt.1_0512_fa_0253v.tif,0120_Vat.gr.2228.pt.1_0512_fa_0253v.xml,12866292,2174,2996,FINAL,40
121,108451563,254r,0121_Vat.gr.2228.pt.1_0513_fa_0254r.tif,0121_Vat.gr.2228.pt.1_0513_fa_0254r.xml,12866292,2174,2996,FINAL,40
122,108451564,254v,0122_Vat.gr.2228.pt.1_0514_fa_0254v.tif,0122_Vat.gr.2228.pt.1_0514_fa_0254v.xml,12866292,2174,2996,FINAL,39
123,108451585,255r,0123_Vat.gr.2228.pt.1_0515_fa_0255r.tif,0123_Vat.gr.2228.pt.1_0515_fa_0255r.xml,12866292,2174,2996,FINAL,41
124,108451577,255v,0124_Vat.gr.2228.pt.1_0516_fa_0255v.tif,0124_Vat.gr.2228.pt.1_0516_fa_0255v.xml,12866292,2174,2996,FINAL,43
125,108451578,256r,0125_Vat.gr.2228.pt.1_0517_fa_0256r.tif,0125_Vat.gr.2228.pt.1_0517_fa_0256r.xml,12866292,2174,2996,FINAL,42
126,108451586,256v,0126_Vat.gr.2228.pt.1_0518_fa_0256v.tif,0126_Vat.gr.2228.pt.1_0518_fa_0256v.xml,12866292,2174,2996,FINAL,40
127,108451587,257r,0127_Vat.gr.2228.pt.1_0519_fa_0257r.tif,0127_Vat.gr.2228.pt.1_0519_fa_0257r.xml,12866292,2174,2996,FINAL,41
128,108451588,257v,0128_Vat.gr.2228.pt.1_0520_fa_0257v.tif,0128_Vat.gr.2228.pt.1_0520_fa_0257v.xml,12866292,2174,2996,FINAL,41
129,108451579,258r,0129_Vat.gr.2228.pt.2_0005_fa_0258r.tif,0129_Vat.gr.2228.pt.2_0005_fa_0258r.xml,12866292,2126,2940,FINAL,42
130,108451589,258v,0130_Vat.gr.2228.pt.2_0006_fa_0258v.tif,0130_Vat.gr.2228.pt.2_0006_fa_0258v.xml,12866292,2127,2940,FINAL,42
131,108451590,259r,0131_Vat.gr.2228.pt.2_0007_fa_0259r.tif,0131_Vat.gr.2228.pt.2_0007_fa_0259r.xml,12866292,2126,2940,FINAL,41
132,108451591,259v,0132_Vat.gr.2228.pt.2_0008_fa_0259v.tif,0132_Vat.gr.2228.pt.2_0008_fa_0259v.xml,12866292,2127,2940,FINAL,41
133,108451580,260r,0133_Vat.gr.2228.pt.2_0009_fa_0260r.tif,0133_Vat.gr.2228.pt.2_0009_fa_0260r.xml,12866292,2126,2940,FINAL,42
134,108451581,260v,0134_Vat.gr.2228.pt.2_0010_fa_0260v.tif,0134_Vat.gr.2228.pt.2_0010_fa_0260v.xml,12866292,2127,2940,FINAL,40
135,108451592,261r,0135_Vat.gr.2228.pt.2_0011_fa_0261r.tif,0135_Vat.gr.2228.pt.2_0011_fa_0261r.xml,12866292,2126,2940,FINAL,42
136,108451593,261v,0136_Vat.gr.2228.pt.2_0012_fa_0261v.tif,0136_Vat.gr.2228.pt.2_0012_fa_0261v.xml,12866292,2127,2940,FINAL,41
137,108451582,262r,0137_Vat.gr.2228.pt.2_0013_fa_0262r.tif,0137_Vat.gr.2228.pt.2_0013_fa_0262r.xml,12866292,2126,2940,FINAL,40
138,108451594,262v,0138_Vat.gr.2228.pt.2_0014_fa_0262v.tif,0138_Vat.gr.2228.pt.2_0014_fa_0262v.xml,12866292,2127,2940,FINAL,40
139,108451583,263r,0139_Vat.gr.2228.pt.2_0015_fa_0263r.tif,0139_Vat.gr.2228.pt.2_0015_fa_0263r.xml,12866292,2126,2940,FINAL,39
140,108451595,263v,0140_Vat.gr.2228.pt.2_0016_fa_0263v.tif,0140_Vat.gr.2228.pt.2_0016_fa_0263v.xml,12866292,2127,2940,FINAL,40
141,108451596,264r,0141_Vat.gr.2228.pt.2_0017_fa_0264r.tif,0141_Vat.gr.2228.pt.2_0017_fa_0264r.xml,12866292,2126,2940,FINAL,39
142,108451584,264v,0142_Vat.gr.2228.pt.2_0018_fa_0264v.tif,0142_Vat.gr.2228.pt.2_0018_fa_0264v.xml,12866292,2127,2940,FINAL,39
143,108451597,265r,0143_Vat.gr.2228.pt.2_0019_fa_0265r.tif,0143_Vat.gr.2228.pt.2_0019_fa_0265r.xml,12866292,2126,2940,FINAL,40
144,108451605,265v,0144_Vat.gr.2228.pt.2_0020_fa_0265v.tif,0144_Vat.gr.2228.pt.2_0020_fa_0265v.xml,12866292,2127,2940,FINAL,38
145,108451530,266r,0145_Vat.gr.2228.pt.2_0021_fa_0266r.tif,0145_Vat.gr.2228.pt.2_0021_fa_0266r.xml,12866292,2126,2940,FINAL,36
146,108451606,266v,0146_Vat.gr.2228.pt.2_0022_fa_0266v.tif,0146_Vat.gr.2228.pt.2_0022_fa_0266v.xml,12866292,2127,2940,FINAL,39
147,108451531,267r,0147_Vat.gr.2228.pt.2_0023_fa_0267r.tif,0147_Vat.gr.2228.pt.2_0023_fa_0267r.xml,12866292,2126,2940,FINAL,40
148,108451532,267v,0148_Vat.gr.2228.pt.2_0024_fa_0267v.tif,0148_Vat.gr.2228.pt.2_0024_fa_0267v.xml,12866292,2127,2940,FINAL,39
149,108451607,268r,0149_Vat.gr.2228.pt.2_0025_fa_0268r.tif,0149_Vat.gr.2228.pt.2_0025_fa_0268r.xml,12866292,2126,2940,FINAL,39
150,108451533,268v,0150_Vat.gr.2228.pt.2_0026_fa_0268v.tif,0150_Vat.gr.2228.pt.2_0026_fa_0268v.xml,12866292,2127,2940,FINAL,40
151,108451534,269r,0151_Vat.gr.2228.pt.2_0027_fa_0269r.tif,0151_Vat.gr.2228.pt.2_0027_fa_0269r.xml,12866292,2126,2940,FINAL,39
152,108451608,269v,0152_Vat.gr.2228.pt.2_0028_fa_0269v.tif,0152_Vat.gr.2228.pt.2_0028_fa_0269v.xml,12866292,2127,2940,FINAL,39
153,108451609,270r,0153_Vat.gr.2228.pt.2_0029_fa_0270r.tif,0153_Vat.gr.2228.pt.2_0029_fa_0270r.xml,12866292,2126,2940,FINAL,40
154,108451535,270v,0154_Vat.gr.2228.pt.2_0030_fa_0270v.tif,0154_Vat.gr.2228.pt.2_0030_fa_0270v.xml,12866292,2127,2940,FINAL,39
155,108451536,271r,0155_Vat.gr.2228.pt.2_0031_fa_0271r.tif,0155_Vat.gr.2228.pt.2_0031_fa_0271r.xml,12866292,2126,2940,FINAL,38
156,108451537,271v,0156_Vat.gr.2228.pt.2_0032_fa_0271v.tif,0156_Vat.gr.2228.pt.2_0032_fa_0271v.xml,12866292,2127,2940,FINAL,40
157,108451538,272r,0157_Vat.gr.2228.pt.2_0033_fa_0272r.tif,0157_Vat.gr.2228.pt.2_0033_fa_0272r.xml,12866292,2126,2940,FINAL,40
158,108451610,272v,0158_Vat.gr.2228.pt.2_0034_fa_0272v.tif,0158_Vat.gr.2228.pt.2_0034_fa_0272v.xml,12866292,2127,2940,FINAL,38
159,108451539,273r,0159_Vat.gr.2228.pt.2_0035_fa_0273r.tif,0159_Vat.gr.2228.pt.2_0035_fa_0273r.xml,12866292,2126,2940,FINAL,38
160,108451540,273v,0160_Vat.gr.2228.pt.2_0036_fa_0273v.tif,0160_Vat.gr.2228.pt.2_0036_fa_0273v.xml,12866292,2127,2940,FINAL,39
161,108451611,274r,0161_Vat.gr.2228.pt.2_0037_fa_0274r.tif,0161_Vat.gr.2228.pt.2_0037_fa_0274r.xml,12866292,2126,2940,FINAL,39
162,108451541,274v,0162_Vat.gr.2228.pt.2_0038_fa_0274v.tif,0162_Vat.gr.2228.pt.2_0038_fa_0274v.xml,12866292,2127,2940,FINAL,38
163,108451542,275r,0163_Vat.gr.2228.pt.2_0039_fa_0275r.tif,0163_Vat.gr.2228.pt.2_0039_fa_0275r.xml,12866292,2126,2940,FINAL,38
164,108451612,275v,0164_Vat.gr.2228.pt.2_0040_fa_0275v.tif,0164_Vat.gr.2228.pt.2_0040_fa_0275v.xml,12866292,2127,2940,FINAL,38
165,108451543,276r,0165_Vat.gr.2228.pt.2_0041_fa_0276r.tif,0165_Vat.gr.2228.pt.2_0041_fa_0276r.xml,12866292,2126,2940,FINAL,39
166,108451544,276v,0166_Vat.gr.2228.pt.2_0042_fa_0276v.tif,0166_Vat.gr.2228.pt.2_0042_fa_0276v.xml,12866292,2127,2940,FINAL,39
167,108451613,277r,0167_Vat.gr.2228.pt.2_0043_fa_0277r.tif,0167_Vat.gr.2228.pt.2_0043_fa_0277r.xml,12866292,2126,2940,FINAL,41
168,108451614,277v,0168_Vat.gr.2228.pt.2_0044_fa_0277v.tif,0168_Vat.gr.2228.pt.2_0044_fa_0277v.xml,12866292,2127,2940,FINAL,40
169,108451625,278r,0169_Vat.gr.2228.pt.2_0045_fa_0278r.tif,0169_Vat.gr.2228.pt.2_0045_fa_0278r.xml,12866292,2126,2940,FINAL,42
170,108451626,278v,0170_Vat.gr.2228.pt.2_0046_fa_0278v.tif,0170_Vat.gr.2228.pt.2_0046_fa_0278v.xml,12866292,2127,2940,FINAL,42
171,108451598,279r,0171_Vat.gr.2228.pt.2_0047_fa_0279r.tif,0171_Vat.gr.2228.pt.2_0047_fa_0279r.xml,12866292,2126,2940,FINAL,42
172,108451627,279v,0172_Vat.gr.2228.pt.2_0048_fa_0279v.tif,0172_Vat.gr.2228.pt.2_0048_fa_0279v.xml,12866292,2127,2940,FINAL,40
173,108451599,280r,0173_Vat.gr.2228.pt.2_0049_fa_0280r.tif,0173_Vat.gr.2228.pt.2_0049_fa_0280r.xml,12866292,2126,2940,FINAL,41
174,108451628,280v,0174_Vat.gr.2228.pt.2_0050_fa_0280v.tif,0174_Vat.gr.2228.pt.2_0050_fa_0280v.xml,12866292,2127,2940,FINAL,41
175,108451600,281r,0175_Vat.gr.2228.pt.2_0051_fa_0281r.tif,0175_Vat.gr.2228.pt.2_0051_fa_0281r.xml,12866292,2126,2940,FINAL,41
176,108451601,281v,0176_Vat.gr.2228.pt.2_0052_fa_0281v.tif,0176_Vat.gr.2228.pt.2_0052_fa_0281v.xml,12866292,2127,2940,FINAL,42
177,108451629,282r,0177_Vat.gr.2228.pt.2_0053_fa_0282r.tif,0177_Vat.gr.2228.pt.2_0053_fa_0282r.xml,12866292,2126,2940,FINAL,41
178,108451602,282v,0178_Vat.gr.2228.pt.2_0054_fa_0282v.tif,0178_Vat.gr.2228.pt.2_0054_fa_0282v.xml,12866292,2127,2940,FINAL,43
179,108451630,283r,0179_Vat.gr.2228.pt.2_0055_fa_0283r.tif,0179_Vat.gr.2228.pt.2_0055_fa_0283r.xml,12866292,2126,2940,FINAL,43
180,108451603,283v,0180_Vat.gr.2228.pt.2_0056_fa_0283v.tif,0180_Vat.gr.2228.pt.2_0056_fa_0283v.xml,12866292,2127,2940,FINAL,39
181,108451631,284r,0181_Vat.gr.2228.pt.2_0057_fa_0284r.tif,0181_Vat.gr.2228.pt.2_0057_fa_0284r.xml,12866292,2126,2940,FINAL,42
182,108451604,284v,0182_Vat.gr.2228.pt.2_0058_fa_0284v.tif,0182_Vat.gr.2228.pt.2_0058_fa_0284v.xml,12866292,2127,2940,FINAL,40
183,108451615,285r,0183_Vat.gr.2228.pt.2_0059_fa_0285r.tif,0183_Vat.gr.2228.pt.2_0059_fa_0285r.xml,12866292,2126,2940,FINAL,42
184,108451632,285v,0184_Vat.gr.2228.pt.2_0060_fa_0285v.tif,0184_Vat.gr.2228.pt.2_0060_fa_0285v.xml,12866292,2127,2940,FINAL,42
185,108451616,286r,0185_Vat.gr.2228.pt.2_0061_fa_0286r.tif,0185_Vat.gr.2228.pt.2_0061_fa_0286r.xml,12866292,2126,2940,FINAL,41
186,108451633,286v,0186_Vat.gr.2228.pt.2_0062_fa_0286v.tif,0186_Vat.gr.2228.pt.2_0062_fa_0286v.xml,12866292,2127,2940,FINAL,40
187,108451617,287r,0187_Vat.gr.2228.pt.2_0063_fa_0287r.tif,0187_Vat.gr.2228.pt.2_0063_fa_0287r.xml,12866292,2126,2940,FINAL,41
188,108451634,287v,0188_Vat.gr.2228.pt.2_0064_fa_0287v.tif,0188_Vat.gr.2228.pt.2_0064_fa_0287v.xml,12866292,2127,2940,FINAL,42
189,108451635,288r,0189_Vat.gr.2228.pt.2_0065_fa_0288r.tif,0189_Vat.gr.2228.pt.2_0065_fa_0288r.xml,12866292,2126,2940,FINAL,40
190,108451618,288v,0190_Vat.gr.2228.pt.2_0066_fa_0288v.tif,0190_Vat.gr.2228.pt.2_0066_fa_0288v.xml,12866292,2127,2940,FINAL,41
191,108451636,289r,0191_Vat.gr.2228.pt.2_0067_fa_0289r.tif,0191_Vat.gr.2228.pt.2_0067_fa_0289r.xml,12866292,2126,2940,FINAL,44
192,108451619,289v,0192_Vat.gr.2228.pt.2_0068_fa_0289v.tif,0192_Vat.gr.2228.pt.2_0068_fa_0289v.xml,12866292,2127,2940,FINAL,42
193,108451637,290r,0193_Vat.gr.2228.pt.2_0069_fa_0290r.tif,0193_Vat.gr.2228.pt.2_0069_fa_0290r.xml,12866292,2126,2940,FINAL,43
194,108451638,290v,0194_Vat.gr.2228.pt.2_0070_fa_0290v.tif,0194_Vat.gr.2228.pt.2_0070_fa_0290v.xml,12866292,2127,2940,FINAL,41
195,108451620,291r,0195_Vat.gr.2228.pt.2_0071_fa_0291r.tif,0195_Vat.gr.2228.pt.2_0071_fa_0291r.xml,12866292,2126,2940,FINAL,42
196,108451645,291v,0196_Vat.gr.2228.pt.2_0072_fa_0291v.tif,0196_Vat.gr.2228.pt.2_0072_fa_0291v.xml,12866292,2127,2940,FINAL,41
197,108451621,292r,0197_Vat.gr.2228.pt.2_0073_fa_0292r.tif,0197_Vat.gr.2228.pt.2_0073_fa_0292r.xml,12866292,2126,2940,FINAL,39
198,108451646,292v,0198_Vat.gr.2228.pt.2_0074_fa_0292v.tif,0198_Vat.gr.2228.pt.2_0074_fa_0292v.xml,12866292,2127,2940,FINAL,41
199,108451647,293r,0199_Vat.gr.2228.pt.2_0075_fa_0293r.tif,0199_Vat.gr.2228.pt.2_0075_fa_0293r.xml,12866292,2126,2940,FINAL,38
200,108451648,293v,0200_Vat.gr.2228.pt.2_0076_fa_0293v.tif,0200_Vat.gr.2228.pt.2_0076_fa_0293v.xml,12866292,2127,2940,FINAL,40
201,108451622,294r,0201_Vat.gr.2228.pt.2_0077_fa_0294r.tif,0201_Vat.gr.2228.pt.2_0077_fa_0294r.xml,12866292,2126,2940,FINAL,43
202,108451623,294v,0202_Vat.gr.2228.pt.2_0078_fa_0294v.tif,0202_Vat.gr.2228.pt.2_0078_fa_0294v.xml,12866292,2127,2940,FINAL,42
203,108451649,295r,0203_Vat.gr.2228.pt.2_0079_fa_0295r.tif,0203_Vat.gr.2228.pt.2_0079_fa_0295r.xml,12866292,2126,2940,FINAL,42
204,108451639,295v,0204_Vat.gr.2228.pt.2_0080_fa_0295v.tif,0204_Vat.gr.2228.pt.2_0080_fa_0295v.xml,12866292,2127,2940,FINAL,41
205,108451650,296r,0205_Vat.gr.2228.pt.2_0081_fa_0296r.tif,0205_Vat.gr.2228.pt.2_0081_fa_0296r.xml,12866292,2126,2940,FINAL,42
206,108451640,296v,0206_Vat.gr.2228.pt.2_0082_fa_0296v.tif,0206_Vat.gr.2228.pt.2_0082_fa_0296v.xml,12866292,2127,2940,FINAL,42
207,108451651,297r,0207_Vat.gr.2228.pt.2_0083_fa_0297r.tif,0207_Vat.gr.2228.pt.2_0083_fa_0297r.xml,12866292,2126,2940,FINAL,43
208,108451624,297v,0208_Vat.gr.2228.pt.2_0084_fa_0297v.tif,0208_Vat.gr.2228.pt.2_0084_fa_0297v.xml,12866292,2127,2940,FINAL,30
209,108451652,298r,0209_Vat.gr.2228.pt.2_0085_fa_0298r.tif,0209_Vat.gr.2228.pt.2_0085_fa_0298r.xml,12866292,2126,2940,FINAL,42
210,108451665,298v,0210_Vat.gr.2228.pt.2_0086_fa_0298v.tif,0210_Vat.gr.2228.pt.2_0086_fa_0298v.xml,12866292,2127,2940,FINAL,35
211,108451653,299r,0211_Vat.gr.2228.pt.2_0087_fa_0299r.tif,0211_Vat.gr.2228.pt.2_0087_fa_0299r.xml,12866292,2126,2940,FINAL,33
212,108451654,299v,0212_Vat.gr.2228.pt.2_0088_fa_0299v.tif,0212_Vat.gr.2228.pt.2_0088_fa_0299v.xml,12866292,2127,2940,FINAL,38
213,108451666,300r,0213_Vat.gr.2228.pt.2_0089_fa_0300r.tif,0213_Vat.gr.2228.pt.2_0089_fa_0300r.xml,12866292,2126,2940,FINAL,17
214,108451655,300v,0214_Vat.gr.2228.pt.2_0090_fa_0300v.tif,0214_Vat.gr.2228.pt.2_0090_fa_0300v.xml,12866292,2127,2940,FINAL,0
215,108451667,301r,0215_Vat.gr.2228.pt.2_0091_fa_0301r.tif,0215_Vat.gr.2228.pt.2_0091_fa_0301r.xml,12866292,2126,2940,FINAL,43
216,108451656,301v,0216_Vat.gr.2228.pt.2_0092_fa_0301v.tif,0216_Vat.gr.2228.pt.2_0092_fa_0301v.xml,12866292,2127,2940,FINAL,41
217,108451657,302r,0217_Vat.gr.2228.pt.2_0093_fa_0302r.tif,0217_Vat.gr.2228.pt.2_0093_fa_0302r.xml,12866292,2126,2940,FINAL,41
218,108451668,302v,0218_Vat.gr.2228.pt.2_0094_fa_0302v.tif,0218_Vat.gr.2228.pt.2_0094_fa_0302v.xml,12866292,2127,2940,FINAL,37
219,108451669,303r,0219_Vat.gr.2228.pt.2_0095_fa_0303r.tif,0219_Vat.gr.2228.pt.2_0095_fa_0303r.xml,12866292,2126,2940,FINAL,38
220,108451658,303v,0220_Vat.gr.2228.pt.2_0096_fa_0303v.tif,0220_Vat.gr.2228.pt.2_0096_fa_0303v.xml,12866292,2127,2940,FINAL,37
221,108451659,304r,0221_Vat.gr.2228.pt.2_0097_fa_0304r.tif,0221_Vat.gr.2228.pt.2_0097_fa_0304r.xml,12866292,2126,2940,FINAL,37
222,108451670,304v,0222_Vat.gr.2228.pt.2_0098_fa_0304v.tif,0222_Vat.gr.2228.pt.2_0098_fa_0304v.xml,12866292,2127,2940,FINAL,38
223,108451660,305r,0223_Vat.gr.2228.pt.2_0099_fa_0305r.tif,0223_Vat.gr.2228.pt.2_0099_fa_0305r.xml,12866292,2126,2940,FINAL,39
224,108451661,305v,0224_Vat.gr.2228.pt.2_0100_fa_0305v.tif,0224_Vat.gr.2228.pt.2_0100_fa_0305v.xml,12866292,2127,2940,FINAL,26
225,108451671,306r,0225_Vat.gr.2228.pt.2_0101_fa_0306r.tif,0225_Vat.gr.2228.pt.2_0101_fa_0306r.xml,12866292,2126,2940,FINAL,38
226,108451672,306v,0226_Vat.gr.2228.pt.2_0102_fa_0306v.tif,0226_Vat.gr.2228.pt.2_0102_fa_0306v.xml,12866292,2127,2940,FINAL,39
227,108451662,307r,0227_Vat.gr.2228.pt.2_0103_fa_0307r.tif,0227_Vat.gr.2228.pt.2_0103_fa_0307r.xml,12866292,2126,2940,FINAL,37
228,108451663,307v,0228_Vat.gr.2228.pt.2_0104_fa_0307v.tif,0228_Vat.gr.2228.pt.2_0104_fa_0307v.xml,12866292,2127,2940,FINAL,40
229,108451673,308r,0229_Vat.gr.2228.pt.2_0105_fa_0308r.tif,0229_Vat.gr.2228.pt.2_0105_fa_0308r.xml,12866292,2126,2940,FINAL,36
230,108451664,308v,0230_Vat.gr.2228.pt.2_0106_fa_0308v.tif,0230_Vat.gr.2228.pt.2_0106_fa_0308v.xml,12866292,2127,2940,FINAL,40
231,108451394,309r,0231_Vat.gr.2228.pt.2_0107_fa_0309r.tif,0231_Vat.gr.2228.pt.2_0107_fa_0309r.xml,12866292,2126,2940,FINAL,40
232,108451674,309v,0232_Vat.gr.2228.pt.2_0108_fa_0309v.tif,0232_Vat.gr.2228.pt.2_0108_fa_0309v.xml,12866292,2127,2940,FINAL,40
233,108451395,310r,0233_Vat.gr.2228.pt.2_0109_fa_0310r.tif,0233_Vat.gr.2228.pt.2_0109_fa_0310r.xml,12866292,2126,2940,IN_PROGRESS,34
234,108451675,310v,0234_Vat.gr.2228.pt.2_0110_fa_0310v.tif,0234_Vat.gr.2228.pt.2_0110_fa_0310v.xml,12866292,2127,2940,IN_PROGRESS,0
235,108451676,311r,0235_Vat.gr.2228.pt.2_0111_fa_0311r.tif,0235_Vat.gr.2228.pt.2_0111_fa_0311r.xml,12866292,2126,2940,IN_PROGRESS,23
236,108451396,311v,0236_Vat.gr.2228.pt.2_0112_fa_0311v.tif,0236_Vat.gr.2228.pt.2_0112_fa_0311v.xml,12866292,2127,2940,IN_PROGRESS,27
237,108451677,312r,0237_Vat.gr.2228.pt.2_0113_fa_0312r.tif,0237_Vat.gr.2228.pt.2_0113_fa_0312r.xml,12866292,2126,2940,IN_PROGRESS,26
238,108451397,312v,0238_Vat.gr.2228.pt.2_0114_fa_0312v.tif,0238_Vat.gr.2228.pt.2_0114_fa_0312v.xml,12866292,2127,2940,IN_PROGRESS,32
239,108451678,313r,0239_Vat.gr.2228.pt.2_0115_fa_0313r.tif,0239_Vat.gr.2228.pt.2_0115_fa_0313r.xml,12866292,2126,2940,IN_PROGRESS,18
